Date,Open,High,Low,Close,Volume,Adj Close
2011-12-30,20.47,20.60,20.40,20.47,23500,19.38
2011-12-29,20.32,20.47,20.32,20.46,26500,19.37
2011-12-28,20.68,20.70,20.25,20.28,32800,19.20
2011-12-27,20.88,20.88,20.76,20.87,26700,19.50
2011-12-23,20.82,20.83,20.73,20.79,14000,19.42
2011-12-22,20.62,20.85,20.53,20.81,12900,19.44
2011-12-21,20.53,20.61,20.37,20.60,69000,19.24
2011-12-20,20.41,20.52,20.37,20.52,12500,19.17
2011-12-19,20.24,20.25,19.89,19.91,18300,18.60
2011-12-16,20.27,20.36,20.11,20.31,20700,18.97
2011-12-15,20.39,20.39,20.14,20.19,9300,18.86
2011-12-14,20.11,20.17,19.98,20.08,10700,18.76
2011-12-13,20.55,20.80,20.20,20.20,7500,18.87
2011-12-12,20.56,20.56,20.35,20.45,12200,19.10
2011-12-09,20.71,20.91,20.69,20.89,15700,19.51
2011-12-08,20.93,20.94,20.51,20.59,22600,19.23
2011-12-07,20.83,21.17,20.81,21.17,14400,19.78
2011-12-06,21.03,21.14,20.98,21.13,10000,19.74
2011-12-05,21.15,21.22,21.01,21.06,20400,19.67
2011-12-02,21.11,21.16,20.89,20.89,17700,19.51
2011-12-01,20.98,20.98,20.78,20.89,21500,19.51
2011-11-30,20.95,21.12,20.92,21.11,17100,19.64
2011-11-29,20.20,20.31,20.17,20.19,9600,18.78
2011-11-28,20.26,20.26,19.96,20.06,30800,18.66
2011-11-25,19.55,19.72,19.55,19.56,9300,18.20
2011-11-23,20.02,20.02,19.57,19.62,19700,18.25
2011-11-22,20.19,20.25,19.96,20.09,24700,18.69
2011-11-21,20.36,20.36,20.15,20.26,16000,18.85
2011-11-18,20.79,20.79,20.62,20.62,11400,19.18
2011-11-17,20.86,20.90,20.50,20.59,36300,19.15
2011-11-16,20.97,21.13,20.86,20.86,12800,19.40
2011-11-15,21.09,21.29,20.98,21.20,16500,19.72
2011-11-14,21.14,21.22,21.00,21.10,17600,19.63
2011-11-11,21.28,21.47,21.28,21.40,14000,19.91
2011-11-10,21.16,21.16,20.86,21.01,13900,19.54
2011-11-09,21.03,21.12,20.73,20.73,12600,19.28
2011-11-08,21.45,21.69,21.37,21.66,22300,20.15
2011-11-07,21.43,21.51,21.22,21.44,7000,19.94
2011-11-04,21.18,21.47,21.18,21.40,9900,19.91
2011-11-03,21.46,21.67,21.15,21.65,28300,20.14
2011-11-02,21.25,21.30,20.94,21.16,31900,19.68
2011-11-01,20.87,21.11,20.74,20.86,140200,19.40
2011-10-31,21.97,22.02,21.70,21.70,19000,20.13
2011-10-28,22.15,22.35,22.15,22.32,21100,20.71
2011-10-27,22.30,22.60,22.01,22.49,95600,20.86
2011-10-26,21.48,21.54,21.06,21.50,18400,19.95
2011-10-25,21.51,21.51,21.17,21.19,17400,19.66
2011-10-24,21.28,21.66,21.14,21.63,85900,20.07
2011-10-21,21.09,21.23,20.95,21.17,43000,19.64
2011-10-20,20.92,20.92,20.50,20.84,15600,19.33
2011-10-19,21.00,21.09,20.70,20.77,18000,19.27
2011-10-18,20.70,21.11,20.50,21.07,18700,19.55
2011-10-17,20.95,20.98,20.55,20.62,12300,19.13
2011-10-14,21.02,21.14,20.92,21.14,15100,19.61
2011-10-13,20.72,20.78,20.48,20.76,12700,19.26
2011-10-12,20.83,21.05,20.81,20.85,11500,19.34
2011-10-11,20.42,20.49,20.33,20.49,4500,19.01
2011-10-10,20.20,20.49,20.20,20.49,31800,19.01
2011-10-07,19.98,20.04,19.72,19.73,7200,18.30
2011-10-06,19.50,19.97,19.41,19.97,12000,18.53
2011-10-05,19.11,19.42,19.00,19.42,7000,18.02
2011-10-04,18.52,18.75,18.14,18.46,64600,17.13
2011-10-03,19.40,19.47,18.70,18.83,28900,17.47
2011-09-30,19.93,20.08,19.69,19.69,5000,18.01
2011-09-29,20.41,20.41,19.91,20.17,6000,18.45
2011-09-28,20.45,20.45,20.00,20.00,9300,18.29
2011-09-27,20.78,20.93,20.50,20.50,45300,18.75
2011-09-26,20.03,20.21,19.85,20.20,18200,18.48
2011-09-23,19.74,19.99,19.70,19.91,13700,18.21
2011-09-22,19.76,19.97,19.47,19.78,41900,18.09
2011-09-21,21.00,21.00,20.30,20.30,24100,18.57
2011-09-20,21.15,21.21,20.92,20.94,15100,19.15
2011-09-19,21.01,21.04,20.82,21.04,40800,19.24
2011-09-16,21.43,21.43,21.34,21.36,7400,19.54
2011-09-15,21.30,21.43,21.27,21.40,7100,19.57
2011-09-14,21.00,21.35,20.92,21.35,5900,19.53
2011-09-13,20.94,21.06,20.80,21.06,9000,19.26
2011-09-12,20.73,20.97,20.49,20.97,8800,19.18
2011-09-09,21.30,21.30,20.90,20.95,3900,19.16
2011-09-08,21.57,21.82,21.49,21.50,6600,19.67
2011-09-07,21.64,21.78,21.50,21.78,10700,19.92
2011-09-06,21.01,21.33,20.92,21.33,26200,19.51
2011-09-02,21.71,21.81,21.52,21.65,8100,19.80
2011-09-01,22.29,22.45,22.13,22.13,18000,20.24
2011-08-31,22.51,22.68,22.38,22.52,24800,20.51
2011-08-30,22.24,22.45,22.08,22.43,21900,20.43
2011-08-29,22.04,22.42,22.04,22.40,22000,20.40
2011-08-26,21.44,21.86,21.12,21.83,18700,19.88
2011-08-25,21.85,21.86,21.44,21.44,7100,19.53
2011-08-24,21.81,21.91,21.52,21.85,24100,19.90
2011-08-23,21.30,21.86,21.30,21.79,27000,19.84
2011-08-22,21.43,21.43,21.05,21.21,15500,19.32
2011-08-19,21.06,21.42,21.00,21.05,8500,19.17
2011-08-18,21.77,21.77,21.08,21.20,17000,19.31
2011-08-17,22.33,22.47,22.14,22.21,34100,20.23
2011-08-16,22.16,22.16,21.83,22.02,19500,20.05
2011-08-15,22.00,22.30,21.99,22.30,16400,20.31
2011-08-12,21.60,21.75,21.38,21.63,33200,19.70
2011-08-11,20.81,21.60,20.65,21.40,153400,19.49
2011-08-10,20.90,21.08,20.57,20.57,43200,18.73
2011-08-09,20.36,21.02,20.10,21.02,66300,19.14
2011-08-08,21.07,21.21,19.94,19.94,173000,18.16
2011-08-05,21.99,22.15,21.03,21.65,152000,19.72
2011-08-04,22.70,22.71,21.69,21.75,208500,19.81
2011-08-03,23.09,23.21,22.72,23.21,108800,21.14
2011-08-02,23.67,23.77,23.09,23.16,342500,21.09
2011-08-01,24.25,24.42,23.75,23.91,67300,21.78
2011-07-29,23.99,24.17,23.75,24.04,31500,21.82
2011-07-28,24.14,24.32,24.05,24.14,15800,21.91
2011-07-27,24.69,24.69,24.15,24.23,27200,21.99
2011-07-26,24.60,24.69,24.52,24.64,34300,22.36
2011-07-25,24.67,24.67,24.50,24.56,20300,22.29
2011-07-22,24.88,24.88,24.68,24.80,26300,22.51
2011-07-21,24.47,24.82,24.47,24.78,20200,22.49
2011-07-20,24.51,24.51,24.27,24.41,24600,22.16
2011-07-19,24.05,24.30,24.00,24.29,321100,22.05
2011-07-18,24.10,24.10,23.77,23.90,115000,21.69
2011-07-15,24.37,24.37,24.16,24.27,40200,22.03
2011-07-14,24.51,24.56,24.18,24.18,138200,21.95
2011-07-13,24.44,24.74,24.44,24.53,47100,22.26
2011-07-12,24.39,24.52,24.30,24.31,135200,22.06
2011-07-11,24.67,24.74,24.47,24.53,95600,22.26
2011-07-08,25.01,25.07,24.92,25.00,27900,22.69
2011-07-07,25.20,25.22,25.04,25.22,54000,22.89
2011-07-06,24.89,24.95,24.80,24.93,67600,22.63
2011-07-05,25.12,25.12,24.96,25.00,52000,22.69
2011-07-01,25.11,25.27,24.92,25.26,552500,22.93
2011-06-30,25.00,25.16,24.98,25.13,21600,22.72
2011-06-29,24.64,24.86,24.60,24.83,39700,22.45
2011-06-28,24.43,24.49,24.33,24.46,28500,22.11
2011-06-27,24.26,24.38,24.15,24.35,59200,22.01
2011-06-24,24.48,24.48,24.18,24.23,56400,21.90
2011-06-23,24.38,24.55,24.17,24.55,162700,22.19
2011-06-22,24.76,24.89,24.70,24.71,56100,22.34
2011-06-21,24.72,24.86,24.57,24.83,186100,22.45
2011-06-20,24.41,24.59,24.40,24.55,79600,22.19
2011-06-17,24.56,24.62,24.45,24.53,43400,22.18
2011-06-16,24.35,24.49,24.20,24.40,73200,22.06
2011-06-15,24.71,24.71,24.34,24.42,354400,22.08
2011-06-14,24.85,25.02,24.84,24.94,87000,22.55
2011-06-13,24.58,24.66,24.45,24.54,42200,22.18
2011-06-10,24.78,24.83,24.37,24.48,222100,22.13
2011-06-09,24.88,25.00,24.87,24.95,320900,22.55
